n,asset_id,file,size_mb,kind,title_claim
1,599588880,75.210.in.One.Day.Trading.Live.Full.Breakdown.Best.1080p.60fps.mp4,965,dated recap/analysis,
2,599591157,02_20_2024.Trade.Recap.Best.1080p.60fps.mp4,60,dated recap/analysis,
3,599591307,02_21_2024.Trade.Recap.Best.1080p.60fps.mp4,48,dated recap/analysis,
4,599591395,02_22_2024.Trade.Recap.Best.1080p.60fps.mp4,53,dated recap/analysis,
5,599591501,02_26_2024.Trade.Recap.Best.1080p.60fps.mp4,110,dated recap/analysis,
6,599591736,02_28_2024.Trade.Recap.Best.1080p.60fps.mp4,135,dated recap/analysis,
7,599591985,03_05_2024.Market.Recap.Best.720p.mp4,35,dated recap/analysis,
8,599592079,03_06_2024.Index.Analysis.Best.720p.mp4,46,dated recap/analysis,
9,599592190,03_07_2024.Market.Recap.and.analysis.Best.720p.mp4,31,dated recap/analysis,
10,599592244,03_08_2024.Market.Recap.and.analysis.Best.720p.mp4,25,dated recap/analysis,
11,599592313,03_12_2024.Market.Recap.and.analysis.Best.720p.mp4,39,dated recap/analysis,
12,599592451,03_14_2024.Market.Recap.and.analysis.Best.720p.mp4,32,dated recap/analysis,
13,599592540,03_20_2024.Trade.Recap.Best.720p.mp4,16,dated recap/analysis,
14,599592597,03_22_2024.Trade.Recap.Best.720p.mp4,45,dated recap/analysis,
15,599592691,03_27_2024.Trade.Recap.Best.720p.mp4,15,dated recap/analysis,
16,599592746,04_01_2024.Trade.Recap.Best.1080p.60fps.mp4,48,dated recap/analysis,
17,599592895,04_04_2024.Trade.Recap.Best.1080p.60fps.mp4,30,dated recap/analysis,
18,599593018,04_29_2024.Trade.Recap.1080p.60fps.mp4,46,dated recap/analysis,
19,599596739,04_30_2024.Trade.Recap.1080p.60fps.mp4,83,dated recap/analysis,
20,599596895,05_02_2024.Trade.Recap.1080p.60fps.mp4,172,dated recap/analysis,
21,599597304,05_06_2024.Trade.Recap.1080p.60fps.mp4,137,dated recap/analysis,
22,599597553,05_07_2024.Trade.Recap.1080p.60fps.mp4,50,dated recap/analysis,
23,599597717,05_13_2024.Trade.Recap.Best.1080p.60fps.mp4,88,dated recap/analysis,
24,599597864,05_16_2024.Trade.Recap.Best.1080p.60fps.mp4,155,dated recap/analysis,
25,599598188,05_17_2024.Trade.Recap.Best.1080p.60fps.mp4,53,dated recap/analysis,
26,599598319,05_24_2024.Trade.Recap.Best.1080p.60fps.mp4,54,dated recap/analysis,
27,599598516,05_28_2024.Trade.Recap.Best.1080p.60fps.mp4,67,dated recap/analysis,
28,599598641,05_29_2024.Trade.Recap.Best.1080p.60fps.mp4,54,dated recap/analysis,
29,599598784,06_03_2024.Trade.Recap.Best.1080p.60fps.mp4,83,dated recap/analysis,
30,599598976,06_04_2024.Trade.Recap.Best.1080p.60fps.mp4,45,dated recap/analysis,
31,599599115,06_05_2024.Trade.Recap.Best.720p.mp4,21,dated recap/analysis,
32,599599215,06_06_2024.Trade.Recap.Best.720p.mp4,28,dated recap/analysis,
33,599599369,06_17_2024.Trade.Recap.Best.1080p.60fps.mp4,141,dated recap/analysis,
34,599599666,06_20.and.21_2024.Trade.Recap.Best.1080p.60fps.mp4,75,dated recap/analysis,
35,599599857,06_25_2024.Trade.Recap.Best.1080p.60fps.mp4,45,dated recap/analysis,
36,599600035,06_26_2024.Trade.Recap.Best.1080p.60fps.mp4,128,dated recap/analysis,
37,599600352,06_27_2024.Trade.Recap.Best.1080p.60fps.mp4,104,dated recap/analysis,
38,599600620,7_1-3_24.Market.Recap.Best.720p.mp4,76,dated recap/analysis,
39,599600735,7_16_24.Trade.Recap.Best.720p.mp4,15,dated recap/analysis,
40,599600804,7_17_24.Trade.Recap.Best.720p.mp4,15,dated recap/analysis,
41,599600843,7_18_24.Trade.Recap.Best.720p.mp4,20,dated recap/analysis,
42,599600907,7_22_24.Trade.Recap.Best.720p.mp4,15,dated recap/analysis,
43,599600984,7_25_24.Trade.Recap.Best.720p.mp4,15,dated recap/analysis,
44,599601063,7_8_24.Trade.Recap.Best.1080p.60fps.mp4,36,dated recap/analysis,
45,599601203,7_9_24.Trade.Recap.Best.1080p.60fps.mp4,139,dated recap/analysis,
46,599601476,How.I.Lost.10.523.from.One.Trade.Then.Made.It.Back.3x.Best.1080p.60fps.mp4,318,breakdown,title says Lost 10.523.
47,599602139,How.I.Made.11.209.Day.Trading.ES1.1080p.mp4,400,breakdown,title says Made 11.209.
48,599603163,How.I.Made.20.000.Day.Trading.in.One.Day.1080p.mp4,719,breakdown,title says Made 20.000.
49,599604597,How.I.Made.427.390.In.One.Day.Trading.FOMC.Best.1080p.mp4,54,breakdown,title says Made 427.390.
50,599604776,How.I.Made.Someone.s.Yearly.Salary.Day.Trading.Step.by.Step.1080p.mp4,412,breakdown,
51,599605593,How.I.Turned.One.Setup.Into.48.305.Live.on.Stream.Best.1080p.60fps.mp4,323,breakdown,title says Into 48.305.
52,599606369,Learn.From.My.80K.Mistake.Best.1080p.60fps.mp4,396,breakdown,
53,599607245,Live.Day.Trading.-.29.130.Profit.From.One.Strategy.Best.720p.mp4,369,live session,
54,599608176,Live.Day.Trading.Losing.1.185.I.TRADED.WHILE.TRUMP.WAS.SPEAKING.Best.1080p.mp4,37,live session,"title says losing $1,185,"
55,599608320,Live.Day.Trading.Losing.1.953.1.WIN.1.LOSS.BREAKEVEN.DAY.PPI.NEWS.DATA.Best.1080p.mp4,213,live session,"title says losing $1,953,1,"
56,599608837,Live.Day.Trading.Losing.12.781.I.GOT.F_CKED.Best.1080p.mp4,103,live session,"title says losing $12,781,"
57,599609070,Live.Day.Trading.Losing.128.680.I.LOST.140K.OVER.THE.LAST.2.DAYS.Best.1080p.60fps.mp4,303,live session,"title says losing $128,680,"
58,599609665,Live.Day.Trading.Losing.14.646.I.TOOK.A.TRADE.OFF.THE.WRONG.TIMEFRAME.Best.1080p.mp4,323,live session,"title says losing $14,646,"
59,599610301,Live.Day.Trading.Losing.15.333.THE.MARKET.DID.ME.DIRTY.Best.1080p.60fps.mp4,75,live session,"title says losing $15,333,"
60,599610622,Live.Day.Trading.Losing.15.493.I.WAS.GOONING.Best.1080p.60fps.mp4,79,live session,"title says losing $15,493,"
61,599610767,Live.Day.Trading.Losing.151.780.I.NEED.TO.SIZE.DOWN.Best.1080p.60fps.mp4,353,live session,"title says losing $151,780,"
62,599611431,Live.Day.Trading.Losing.161.430.I.AM.DOWN.220K.THIS.MONTH.Best.1080p.60fps.mp4,161,live session,"title says losing $161,430,"
63,599611803,Live.Day.Trading.Losing.17.860.FIRST.LOSS.IN.A.WHILE.Best.1080p.60fps.mp4,266,live session,"title says losing $17,860,"
64,599612399,Live.Day.Trading.Losing.19.738.I.AM.CRASHING.OUT.Best.1080p.60fps.mp4,108,live session,"title says losing $19,738,"
65,599612594,Live.Day.Trading.Losing.19.860.I.HAVENT.SLEPT.IN.24.HOURS.Best.1080p.mp4,198,live session,"title says losing $19,860,"
66,599613091,Live.Day.Trading.Losing.2.200.JOKER.CAN.T.TRADE.Best.1080p.mp4,68,live session,"title says losing $2,200,"
67,599613212,Live.Day.Trading.Losing.20.160.3.DAY.LOSSING.STREAK.Best.1080p.60fps.mp4,564,live session,"title says losing $20,160,3,"
68,599614889,Live.Day.Trading.Losing.22.720.I.TOOK.THE.WRONG.TRADE.Best.1080p.mp4,239,live session,"title says losing $22,720,"
69,599615341,Live.Day.Trading.Losing.25.936.I.LOST.THE.HOUSE.Best.1080p.60fps.mp4,90,live session,"title says losing $25,936,"
70,599615521,Live.Day.Trading.Losing.29.780.I.AM.DOWN.25K.THIS.MONTH.Best.1080p.mp4,282,live session,"title says losing $29,780,"
71,599615939,Live.Day.Trading.Losing.29.830.I.GOT.CAUGHT.TRADING.ON.DEMO.Best.1080p.60fps.mp4,403,live session,"title says losing $29,830,"
72,599616638,Live.Day.Trading.Losing.3.930.I.LOST.EVERYTHING.Best.1080p.mp4,46,live session,"title says losing $3,930,"
73,599616732,Live.Day.Trading.Losing.33.180.MARKET.WAS.SO.CHOPPY.Best.1080p.mp4,326,live session,"title says losing $33,180,"
74,599617208,Live.Day.Trading.Losing.33.480.I.RISKED.TOO.MUCH.Best.1080p.mp4,188,live session,"title says losing $33,480,"
75,599617533,Live.Day.Trading.Losing.33.814.trade.recap.Best.1080p.mp4,39,live session,"title says losing $33,814,"
76,599617622,Live.Day.Trading.Losing.34.000.I.GOT.COOKED.Best.1080p.60fps.mp4,232,live session,"title says losing $34,000,"
77,599617923,Live.Day.Trading.Losing.35.020.MY.TIME.MACHINE.BROKE.Best.1080p.60fps.mp4,693,live session,"title says losing $35,020,"
78,599619014,Live.Day.Trading.Losing.36.460.I.GOT.PLAYED.Best.1080p.mp4,211,live session,"title says losing $36,460,"
79,599619502,Live.Day.Trading.Losing.4.100.HOW.TO.MITIGATE.LOSSES.Best.1080p.60fps.mp4,239,live session,"title says losing $4,100,"
80,599619867,Live.Day.Trading.Losing.4.539.MY.FIRST.TRADE.BACK.IN.WEEKS.Best.1080p.60fps.mp4,43,live session,"title says losing $4,539,"
81,599620006,Live.Day.Trading.Losing.4.792.trade.recap.Best.1080p.60fps.mp4,77,live session,"title says losing $4,792,"
82,599620133,Live.Day.Trading.Losing.44.320.TRADING.DURING.WW3.Best.1080p.mp4,288,live session,"title says losing $44,320,"
83,599620609,Live.Day.Trading.Losing.45.679.MY.WORST.TRADING.DAY.Best.1080p.60fps.mp4,88,live session,"title says losing $45,679,"
84,599620755,Live.Day.Trading.Losing.47.320.WILL.I.END.WITH.A.LOSING.WEEK_.Best.1080p.mp4,309,live session,"title says losing $47,320,"
85,599621570,Live.Day.Trading.Losing.47.420.I.GOT.CRUSHED.Best.1080p.60fps.mp4,236,live session,"title says losing $47,420,"
86,599622453,Live.Day.Trading.Losing.5.239.I.M.GETTING.EMOTIONAL.Best.1080p.mp4,42,live session,"title says losing $5,239,"
87,599622558,Live.Day.Trading.Losing.5.298.I.m.Washed.Best.1080p.mp4,89,live session,"title says losing $5,298,"
88,599622709,Live.Day.Trading.Losing.5.325.MY.STRATEGY.NO.LONGER.WORKS.Best.1080p.mp4,45,live session,"title says losing $5,325,"
89,599622833,Live.Day.Trading.Losing.52.360.1st.LOSING.WEEK.IN.4.MONTHS.Best.1080p.60fps.mp4,328,live session,"title says losing $52,360,1"
90,599623367,Live.Day.Trading.Losing.52.660.MY.STUDENTS.ARE.BETTER.THAN.ME.Best.1080p.60fps.mp4,860,live session,"title says losing $52,660,"
91,599625673,Live.Day.Trading.Losing.53.934.I.TRADED.WHILE.HAMMERED.1080p.60fps.mp4,408,live session,"title says losing $53,934,"
92,599626566,Live.Day.Trading.Losing.75.610.AM.I.UNPROFITABLE.Best.1080p.60fps.mp4,373,live session,"title says losing $75,610,"
93,599627971,Live.Day.Trading.Losing.8.079.trade.recap.Best.1080p.60fps.mp4,180,live session,"title says losing $8,079,"
94,599628478,Live.Day.Trading.Losing.87.910.I.AM.DOWN.113K.THIS.MONTH.Best.1080p.60fps.mp4,221,live session,"title says losing $87,910,"
95,599629089,Live.Day.Trading.Losing.9.194.trade.recap.Best.1080p.60fps.mp4,188,live session,"title says losing $9,194,"
96,599629370,Live.Day.Trading.Losing.97.421.I.AM.DOWN.122K.THIS.WEEK.Best.1080p.60fps.mp4,361,live session,"title says losing $97,421,"
97,599630047,Live.Day.Trading.Losing.99.500.FIRST.TRADE.OF.THE.NEW.YEAR.GOT.LIQUIDATED.Best.1080p.60fps.mp4,126,live session,"title says losing $99,500,"
98,599630290,Live.Day.Trading.Making.0.FASTEST.TRADING.DAY.EVER.Best.1080p.mp4,75,live session,"title says making $0,"
99,599630536,Live.Day.Trading.Making.0.I.COULDN.T.FIND.AN.ENTRY.Best.1080p.60fps.mp4,356,live session,"title says making $0,"
100,599631316,Live.Day.Trading.Making.0.I.MADE.17K.ON.THE.WEEK.Best.1080p.mp4,110,live session,"title says making $0,"
101,599631536,Live.Day.Trading.Making.0.MY.WIFI.MADE.ME.LOSE.THOUSANDS.Best.1080p.mp4,49,live session,"title says making $0,"
102,599631626,Live.Day.Trading.Making.0.QUICKEST.TRADING.DAY.EVER.Best.1080p.60fps.mp4,74,live session,"title says making $0,"
103,599631765,Live.Day.Trading.Making.1.037.trade.recap.Best.1080p.60fps.mp4,70,live session,"title says making $1,037,"
104,599631936,Live.Day.Trading.Making.1.383.WHILE.TRAPPING.OFF.MY.LAPTOP.1080p.60fps.mp4,125,live session,"title says making $1,383,"
105,599632176,Live.Day.Trading.Making.10.824.trade.recap.Best.1080p.60fps.mp4,80,live session,"title says making $10,824,"
106,599632273,Live.Day.Trading.Making.11.969.trade.recap.Best.1080p.60fps.mp4,411,live session,"title says making $11,969,"
107,599632846,Live.Day.Trading.Making.12.914.I.AM.BACK.AND.I.M.BETTER.Best.1080p.mp4,49,live session,"title says making $12,914,"
108,599632976,Live.Day.Trading.Making.13.191.trade.recap.Best.1080p.60fps.mp4,267,live session,"title says making $13,191,"
109,599633405,Live.Day.Trading.Making.133.900.I.AM.SIZING.UP.FOR.NOVEMBER.Best.1080p.60fps.mp4,130,live session,"title says making $133,900,"
110,599633763,Live.Day.Trading.Making.137.872.I.RISKED.MY.ENTIRE.ACCOUNT.Best.1080p.60fps.mp4,288,live session,"title says making $137,872,"
111,599634454,Live.Day.Trading.Making.14.300.MADE.ALL.MY.MONEY.BACK.Best.1080p.60fps.mp4,829,live session,"title says making $14,300,"
112,599636097,Live.Day.Trading.Making.14.780.I.AM.UP.ON.THE.MONTH.Best.1080p.mp4,291,live session,"title says making $14,780,"
113,599636628,Live.Day.Trading.Making.15.100.BACK.IN.MY.BAG.Best.1080p.60fps.mp4,671,live session,"title says making $15,100,"
114,599638020,Live.Day.Trading.Making.15.138.I.AM.UP.446K.THIS.MONTH.Best.1080p.60fps.mp4,232,live session,"title says making $15,138,"
115,599638364,Live.Day.Trading.Making.15.188.I.AM.UP.471K.THIS.MONTH.Best.1080p.60fps.mp4,489,live session,"title says making $15,188,"
116,599639398,Live.Day.Trading.Making.15.190.I.DONT.MISS.Best.1080p.mp4,33,live session,"title says making $15,190,"
117,599639489,Live.Day.Trading.Making.15.474.HOW.TO.PASS.A.FUNDED.ACCOUNT.Best.1080p.60fps.mp4,103,live session,"title says making $15,474,"
118,599639654,Live.Day.Trading.Making.153.775.I.RISKED.100K.Best.1080p.60fps.mp4,297,live session,"title says making $153,775,"
119,599640240,Live.Day.Trading.Making.16.320.HOW.TO.GET.SNIPER.ENTRIES.Best.1080p.60fps.mp4,138,live session,"title says making $16,320,"
120,599640487,Live.Day.Trading.Making.16.350.I.AM.COOKING.Best.1080p.mp4,61,live session,"title says making $16,350,"
121,599640617,Live.Day.Trading.Making.16.770.PROVING.EVERYONE.WRONG.Best.1080p.60fps.mp4,659,live session,"title says making $16,770,"
122,599641732,Live.Day.Trading.Making.16.844.I.PAYED.MY.MORTGAGE.WITH.TODAY.S.TRADE.Best.1080p.60fps.mp4,132,live session,"title says making $16,844,"
123,599641997,Live.Day.Trading.Making.163.020.CRAZIEST.WIN.OF.THE.YEAR.Best.1080p.mp4,58,live session,"title says making $163,020,"
124,599642102,Live.Day.Trading.Making.17.605.I.RETIRED.MY.PARENTS.ON.THIS.PLAY.Best.1080p.mp4,56,live session,"title says making $17,605,"
125,599642207,Live.Day.Trading.Making.17.648.I.AM.UP.431K.THIS.MONTH.Best.1080p.60fps.mp4,374,live session,"title says making $17,648,"
126,599642944,Live.Day.Trading.Making.19.620.I.FULLPORTED.CPI.Best.1080p.60fps.mp4,443,live session,"title says making $19,620,"
127,599643978,Live.Day.Trading.Making.19.805.TRADING.IS.GETTING.TOO.EASY.Best.1080p.60fps.mp4,209,live session,"title says making $19,805,"
128,599644389,Live.Day.Trading.Making.2.211.trade.recap.Best.1080p.60fps.mp4,127,live session,"title says making $2,211,"
129,599644699,Live.Day.Trading.Making.2.256.I.COULD.HAVE.MADE.WAY.MORE.Best.1080p.mp4,30,live session,"title says making $2,256,"
130,599644760,Live.Day.Trading.Making.2.309.trade.recap.Best.1080p.60fps.mp4,95,live session,"title says making $2,309,"
131,599644922,Live.Day.Trading.Making.205.326.I.DIDN.T.FOLLOW.MY.STRATEGY.1080p.60fps.mp4,240,live session,"title says making $205,326,"
132,599645316,Live.Day.Trading.Making.21.094.TODAY.WAS.TOO.EASY.Best.1080p.60fps.mp4,103,live session,"title says making $21,094,"
133,599645533,Live.Day.Trading.Making.21.415.I.FULLPORTED.MY.ACCOUNT.FOR.THIS.Best.1080p.60fps.mp4,73,live session,"title says making $21,415,"
134,599645845,Live.Day.Trading.Making.21.880.I.AM.UP.143K.THIS.MONTH.Best.1080p.60fps.mp4,310,live session,"title says making $21,880,"
135,599646586,Live.Day.Trading.Making.22.512.HOW.TO.PASS.FUNDEDS.Best.1080p.60fps.mp4,92,live session,"title says making $22,512,"
136,599646783,Live.Day.Trading.Making.22.730.HOW.I.PAID.FOR.MY.KOENIGSEGG.REGERA.Best.1080p.mp4,273,live session,"title says making $22,730,"
137,599648647,Live.Day.Trading.Making.25.198.MY.NEW.STRATEGY.Best.1080p.60fps.mp4,117,live session,"title says making $25,198,"
138,599649026,Live.Day.Trading.Making.25.400.HOW.TO.TAKE.PM.SESSION.TRADES.Best.1080p.mp4,334,live session,"title says making $25,400,"
139,599649898,Live.Day.Trading.Making.25.727.50.I.AM.UP.135K.ON.THE.MONTH.Best.1080p.60fps.mp4,266,live session,"title says making $25,727,50,"
140,599650633,Live.Day.Trading.Making.28.910.I.AM.UP.43k.THIS.WEEK.Best.1080p.mp4,207,live session,"title says making $28,910,"
141,599651003,Live.Day.Trading.Making.29.830.TRADING.DURING.A.DOCTORS.APPOINTMENT.Best.1080p.mp4,182,live session,"title says making $29,830,"
142,599651535,Live.Day.Trading.Making.3.022.SMALL.WINS.ADD.UP.Best.1080p.60fps.mp4,223,live session,"title says making $3,022,"
143,599652021,Live.Day.Trading.Making.3.150.UNDEFEATED.THIS.WEEK.Best.1080p.mp4,67,live session,"title says making $3,150,"
144,599652190,Live.Day.Trading.Making.3.215.I.AM.NOT.WASHED.Best.1080p.60fps.mp4,44,live session,"title says making $3,215,"
145,599652346,Live.Day.Trading.Making.3.265.I.HAVENT.LOST.ALL.WEEK.Best.1080p.mp4,39,live session,"title says making $3,265,"
146,599652421,Live.Day.Trading.Making.3.903.EMOTIONS.GOT.THE.BEST.OF.ME.Best.1080p.60fps.mp4,78,live session,"title says making $3,903,"
147,599652624,Live.Day.Trading.Making.31.085.HOW.TO.FIND.AGGRESSIVE.ENTRIES.Best.1080p.mp4,269,live session,"title says making $31,085,"
148,599653178,Live.Day.Trading.Making.312.6413.TRADING.SERVERS.WENT.DOWN.MID.TRADE.Best.1080p.60fps.mp4,348,live session,"title says making $312,6413,"
149,599654005,Live.Day.Trading.Making.317.572.MY.BEST.TRADING.DAY.ALL.YEAR.Best.1080p.60fps.mp4,630,live session,"title says making $317,572,"
150,599655224,Live.Day.Trading.Making.32.455.I.AM.UP.57K.THIS.MONTH.Best.1080p.60fps.mp4,191,live session,"title says making $32,455,"
151,599655646,Live.Day.Trading.Making.39.356.I.GOT.SO.LUCKY.Best.1080p.mp4,302,live session,"title says making $39,356,"
152,599656175,Live.Day.Trading.Making.4.198.trade.recap.Best.1080p.60fps.mp4,277,live session,"title says making $4,198,"
153,599656907,Live.Day.Trading.Making.4.735.HOW.TO.SCALP.TRADE.Best.1080p.60fps.mp4,89,live session,"title says making $4,735,"
154,599657112,Live.Day.Trading.Making.4.967.trade.recap.Best.1080p.mp4,57,live session,"title says making $4,967,"
155,599657290,Live.Day.Trading.Making.40.030.HOW.TO.WIN.LOW.TIMEFRAME.TRADES.Best.1080p.60fps.mp4,253,live session,"title says making $40,030,"
156,599657882,Live.Day.Trading.Making.42.510.HOW.TO.SCALP.ON.THE.1.MINUTE.Best.1080p.60fps.mp4,75,live session,"title says making $42,510,"
157,599658023,Live.Day.Trading.Making.44.165.My.Best.Trading.Day.All.Year.Best.1080p.mp4,50,live session,"title says making $44,165,"
158,599658184,Live.Day.Trading.Making.46.180.I.RISKED.109K.AND.MADE.BACK.ALL.MY.LOSSES.Best.1080p.60fps.mp4,577,live session,"title says making $46,180,"
159,599659345,Live.Day.Trading.Making.47.600.I.MADE.200K.IN.2.DAYS.Best.1080p.mp4,409,live session,"title says making $47,600,"
160,599660097,Live.Day.Trading.Making.47.723.I.AM.UP.519K.THIS.MONTH.Best.1080p.60fps.mp4,274,live session,"title says making $47,723,"
161,599660622,Live.Day.Trading.Making.49.930.I.MADE.BACK.ALL.MY.LOSSES.Best.1080p.mp4,228,live session,"title says making $49,930,"
162,599662079,Live.Day.Trading.Making.5.166.THIS.MARKET.IS.RIGGED.Best.1080p.mp4,59,live session,"title says making $5,166,"
163,599662519,Live.Day.Trading.Making.5.237.I.CRASHED.OUT.Best.1080p.60fps.mp4,117,live session,"title says making $5,237,"
164,599663146,Live.Day.Trading.Making.5.834.I.M.UP.179K.THIS.MONTH.Best.720p.mp4,267,live session,"title says making $5,834,"
165,599663760,Live.Day.Trading.Making.52.175.I.HAVEN.T.TRADED.IN.MONTHS.Best.1080p.60fps.mp4,256,live session,"title says making $52,175,"
166,599664390,Live.Day.Trading.Making.56.590.MY.BIGGEST.TRADE.OF.THE.NEW.YEAR.Best.1080p.60fps.mp4,129,live session,"title says making $56,590,"
167,599664698,Live.Day.Trading.Making.58.489.I.M.UP.116K.THIS.WEEK.Best.1080p.mp4,179,live session,"title says making $58,489,"
168,599665154,Live.Day.Trading.Making.6.080.I.DIDNT.EVEN.WANT.TO.TRADE.TODAY.Best.1080p.60fps.mp4,37,live session,"title says making $6,080,"
169,599665294,Live.Day.Trading.Making.6.520.VERY.LUCKY.BREAKEVEN.DAY.Best.1080p.60fps.mp4,572,live session,"title says making $6,520,"
170,599667048,Live.Day.Trading.Making.63.632.I.AM.UP.131K.THIS.WEEK.Best.1080p.60fps.mp4,379,live session,"title says making $63,632,"
171,599668182,Live.Day.Trading.Making.64.214.I.RISKED.WAY.TOO.MUCH.Best.1080p.60fps.mp4,305,live session,"title says making $64,214,"
172,599668826,Live.Day.Trading.Making.65.800.WE.ARE.COOKING.Best.1080p.60fps.mp4,326,live session,"title says making $65,800,"
173,599669389,Live.Day.Trading.Making.67.680.I.FULLPORTED.NEWS.Best.1080p.60fps.mp4,575,live session,"title says making $67,680,"
174,599670331,Live.Day.Trading.Making.69.472.I.AM.UP.17K.ON.THE.WEEK.Best.1080p.60fps.mp4,294,live session,"title says making $69,472,"
175,599670893,Live.Day.Trading.Making.7.052.I.BROKE.MY.TRADING.RULES.Best.1080p.60fps.mp4,48,live session,"title says making $7,052,"
176,599671025,Live.Day.Trading.Making.7.370.HOW.TO.FIND.DAILY.BIAS.Best.1080p.60fps.mp4,199,live session,"title says making $7,370,"
177,599671487,Live.Day.Trading.Making.77.720.I.AM.UP.135K.THIS.WEEK.Best.1080p.60fps.mp4,208,live session,"title says making $77,720,"
178,599671937,Live.Day.Trading.Making.78.795.MY.SCALPING.STRATEGY.EXPLAINED.Best.1080p.60fps.mp4,590,live session,"title says making $78,795,"
179,599673218,Live.Day.Trading.Making.788.I.GOT.PLAYED.Best.1080p.mp4,36,live session,"title says making $788,"
180,599673320,Live.Day.Trading.Making.8546.trade.recap.Best.1080p.60fps.mp4,209,live session,"title says making $8546,"
181,599673740,Live.Day.Trading.Making.88.300.I.GOT.EXPOSED.FOR.FAKING.TRADES.Best.1080p.60fps.mp4,741,live session,"title says making $88,300,"
182,599675610,Live.Day.Trading.Making.89.705.THIS.TRADER.IS.INSANE.Best.1080p.60fps.mp4,404,live session,"title says making $89,705,"
183,599676711,Live.Day.Trading.Making.9.108.TRADING.IS.SO.EASY.Best.1080p.60fps.mp4,86,live session,"title says making $9,108,"
184,599676874,Live.Day.Trading.Making.9.928.Donald.Trump.Made.Rich.Best.1080p.60fps.mp4,65,live session,"title says making $9,928,"
185,599677078,Live.Day.Trading.Making.9.993.I.Went.Undefeated.This.Week.Best.1080p.60fps.mp4,68,live session,"title says making $9,993,"
186,599677236,Live.Day.Trading.Making.92.333.FINALLY.WINNING.A.TRADE.Best.1080p.60fps.mp4,260,live session,"title says making $92,333,"
187,599677616,Live.Day.Trading.Making.99.676.I.AM.UP.413K.THIS.MONTH.Best.1080p.60fps.mp4,191,live session,"title says making $99,676,"
188,599677976,Live.Day.Trading.Making.Thousands.I.PUT.MY.ENTIRE.ACCOUNT.ON.THE.LINE.Best.1080p.60fps.mp4,162,live session,
189,599678317,Live.Day.Trading.The.S.P500.and.Making.12.713.trade.recap.Best.1080p.mp4,81,live session,"title says making $12,713,"
190,599678548,The.Harsh.Reality.of.Being.a.Day.Trader.Trade.Recap.1080p.mp4,689,breakdown,
191,599680714,The.Only.Setup.That.Mattered.Today.103K.Best.1080p.60fps.mp4,311,breakdown,
192,599681680,Weekly.Forecast.7_6-11_24.Best.720p.mp4,18,dated recap/analysis,
193,599681742,Weekly.Market.Recap.1080p.60fps.mp4,145,dated recap/analysis,
194,599682170,pov_.realistic.day.in.the.life.of.a.22.y_o.day.trader.1080p.mp4,728,lifestyle,
195,599683837,pov_.you.make.enough.money.to.buy.a.rolex.in.one.trade.1080p.mp4,475,lifestyle,
196,599685086,pov_.you.re.a.22.y_o.day.trader.making.5.951.before.noon.1080p.mp4,491,lifestyle,
197,599686476,pov_.you.re.a.22.y_o.day.trader.making.an.average.persons.salary.in.a.day.1080p.mp4,379,lifestyle,
198,599687459,pov_.you.re.a.22.y_o.day.trader.making.someone.s.salary.in.one.hour.1080p.mp4,534,lifestyle,
199,599689189,pov_.you.re.a.22.y_o.day.trader.making.untaxed.income.in.Puerto.Rico.1080p.mp4,608,lifestyle,
200,599690772,pov_.you.re.a.22.y_o.day.trader.trying.to.survive.a.hurricane.1080p.mp4,534,lifestyle,
